week,executive,mean_score,n
2021-08-24,ibrahimovic,-0.05133655641434921,18
2021-08-24,maldini,-0.070584439975751,43
2021-08-24,massara,0.024927335126059397,7
2021-08-31,gazidis,-0.3650825472548604,10
2021-08-31,ibrahimovic,-0.0887618855573237,160
2021-08-31,maldini,-0.2128611117702078,185
2021-08-31,massara,-0.27772546531977477,27
2021-08-31,moncada,0.04528971202671528,6
2021-09-07,gazidis,0.23730791918933392,2
2021-09-07,ibrahimovic,0.03384313281083947,227
2021-09-07,maldini,-0.15383135826098468,53
2021-09-07,massara,0.36270400462672114,4
2021-09-07,moncada,0.6007150150835514,2
2021-09-14,gazidis,0.202434454113245,3
2021-09-14,ibrahimovic,-0.1481348866671992,223
2021-09-14,maldini,-0.06412790525998724,190
2021-09-14,massara,-0.1813458832912147,6
2021-09-14,moncada,0.022672131657600403,1
2021-09-21,furlani,0.04949716106057167,1
2021-09-21,gazidis,0.018506623804569244,3
2021-09-21,ibrahimovic,-0.11322725784372199,88
2021-09-21,maldini,0.07303461972308362,236
2021-09-21,massara,0.11178537355735899,10
2021-09-21,moncada,-0.02720429003238678,1
2021-09-28,gazidis,0.32772881786028546,3
2021-09-28,ibrahimovic,-0.09959436793412481,105
2021-09-28,maldini,-0.10634445200244394,104
2021-09-28,massara,0.1525392814406327,7
2021-09-28,moncada,0.2824934646487236,2
2021-10-05,gazidis,0.2608365000536044,6
2021-10-05,ibrahimovic,-0.1352623904771779,92
2021-10-05,maldini,-0.021544967488995915,87
2021-10-05,massara,0.19096140703186393,12
2021-10-05,moncada,0.31623654067516327,4
2021-10-12,gazidis,0.08341420069336891,3
2021-10-12,ibrahimovic,-0.08680688753211034,167
2021-10-12,maldini,-0.23962738543170795,174
2021-10-12,massara,-0.14121780395507813,5
2021-10-12,moncada,0.28281502053141594,3
2021-10-19,gazidis,-0.033277302980422974,1
2021-10-19,ibrahimovic,-0.22379673456938085,384
2021-10-19,maldini,-0.2942310845773471,95
2021-10-19,massara,-0.5157389628390471,3
2021-10-26,gazidis,-0.3129492439329624,3
2021-10-26,ibrahimovic,-0.12941531743556736,313
2021-10-26,maldini,-0.10881010271259584,32
2021-10-26,moncada,-0.0026844702661037445,3
2021-11-02,gazidis,-0.0005732625722885132,3
2021-11-02,ibrahimovic,-0.13027431271057355,253
2021-11-02,maldini,-0.2666828100170408,105
2021-11-02,massara,-0.006967002525925636,2
2021-11-09,gazidis,-0.9057740485295653,2
2021-11-09,ibrahimovic,-0.07189311518644294,60
2021-11-09,maldini,0.053340614744676995,65
2021-11-09,massara,-0.560855978478988,3
2021-11-09,moncada,-0.31782326474785805,2
2021-11-16,gazidis,0.00533341383561492,4
2021-11-16,ibrahimovic,-0.21392685087397695,200
2021-11-16,maldini,-0.07010100927689801,46
2021-11-16,massara,-0.6488701291382313,1
2021-11-23,gazidis,-0.4376307876611298,11
2021-11-23,ibrahimovic,-0.18599126332864055,272
2021-11-23,maldini,-0.1342458679590007,71
2021-11-23,massara,0.3294846254090468,3
2021-11-23,moncada,0.012920071681340536,3
2021-11-30,gazidis,-0.6004672357812524,2
2021-11-30,ibrahimovic,-0.010702429849299647,210
2021-11-30,maldini,-0.18273902056075034,87
2021-11-30,massara,-0.19483798742294312,2
2021-12-07,gazidis,0.6341118365526199,1
2021-12-07,ibrahimovic,-0.2664167992380117,310
2021-12-07,maldini,0.05612108442437602,128
2021-12-07,massara,0.31449858099222183,2
2021-12-07,moncada,-0.0029736608266830444,3
2021-12-14,gazidis,-0.4086183365434408,4
2021-12-14,ibrahimovic,-0.3069012243714597,180
2021-12-14,maldini,-0.26336306045359037,106
2021-12-21,gazidis,-0.6509224101901054,1
2021-12-21,ibrahimovic,-0.2404880558188336,78
2021-12-21,maldini,-0.180742869789644,41
2021-12-21,massara,-0.2638348415493965,2
2021-12-21,moncada,0.39779722690582275,1
2021-12-28,furlani,-0.6265045702457428,1
2021-12-28,gazidis,0.45556274987757206,2
2021-12-28,ibrahimovic,0.056960000697037445,23
2021-12-28,maldini,0.17435954298291886,28
2021-12-28,massara,0.8445278145372868,1
2021-12-28,moncada,0.05720102538665136,3
2022-01-04,ibrahimovic,-0.14254793512156685,185
2022-01-04,maldini,-0.042138706310652196,120
2022-01-04,massara,-0.14870577057202658,6
2022-01-04,moncada,0.2851190064102411,2
2022-01-11,ibrahimovic,-0.26284145942867493,129
2022-01-11,maldini,-0.2234844315857176,155
2022-01-11,massara,0.25026885196566584,5
2022-01-18,ibrahimovic,-0.25961438322528485,168
2022-01-18,maldini,-0.034949273919980775,95
2022-01-18,massara,-0.5071011278778315,4
2022-01-25,gazidis,-0.44858420942910016,8
2022-01-25,ibrahimovic,-0.20512144657140466,213
2022-01-25,maldini,-0.2828385857458079,183
2022-01-25,massara,-0.2470531606608454,17
2022-01-25,moncada,0.5790643480916818,3
2022-02-01,gazidis,0.1169302649796009,1
2022-02-01,ibrahimovic,-0.14925595567139804,117
2022-02-01,maldini,-0.1033072826122084,62
2022-02-01,massara,0.2523171156644821,1
2022-02-01,moncada,0.8138029687106609,1
2022-02-08,gazidis,0.161560260606083,11
2022-02-08,ibrahimovic,-0.03176138138356195,88
2022-02-08,maldini,0.020706197807819328,88
2022-02-08,massara,-0.05721323899924755,5
2022-02-08,moncada,0.12367191165685654,1
2022-02-15,gazidis,0.19748240243643522,4
2022-02-15,ibrahimovic,-0.1719273424287345,102
2022-02-15,maldini,-0.011421737130404565,57
2022-02-15,massara,-0.15846498683094978,2
2022-02-15,moncada,0.45785432308912277,2
2022-02-22,gazidis,-0.04216712526977062,3
2022-02-22,ibrahimovic,-0.18157769612735136,80
2022-02-22,maldini,-0.3576634582437453,61
2022-02-22,massara,-0.9275916358456016,1
2022-03-01,gazidis,0.6500208973884583,1
2022-03-01,ibrahimovic,-0.10497360670469641,123
2022-03-01,maldini,0.0014757431810721755,40
2022-03-01,massara,-0.08190375690658887,6
2022-03-01,moncada,0.5705683901906013,1
2022-03-08,furlani,0.039842674508690834,1
2022-03-08,gazidis,0.039842674508690834,1
2022-03-08,ibrahimovic,-0.04248210917177953,95
2022-03-08,maldini,-0.024091022568480933,68
2022-03-08,massara,0.12862423434853554,3
2022-03-08,moncada,0.25523939211335445,9
2022-03-15,gazidis,0.10773970931768417,2
2022-03-15,ibrahimovic,-0.03431521137163304,171
2022-03-15,maldini,-0.07761672874335694,113
2022-03-15,massara,0.14541605275801636,11
2022-03-15,moncada,0.7244127647330364,3
2022-03-22,gazidis,-0.1524561494588852,1
2022-03-22,ibrahimovic,-0.038600785148640473,75
2022-03-22,maldini,-0.027905639555926124,60
2022-03-22,massara,0.004360716789960861,4
2022-03-22,moncada,-0.5897545516490936,1
2022-03-29,furlani,-0.12632248550653458,2
2022-03-29,gazidis,-0.0363205773755908,8
2022-03-29,ibrahimovic,-0.04530689485371113,100
2022-03-29,maldini,-0.03917338324633116,48
2022-03-29,massara,-0.34579962119460106,2
2022-03-29,moncada,0.44043128192424774,2
2022-04-05,gazidis,0.12912594123433033,6
2022-04-05,ibrahimovic,-0.27549482269792774,122
2022-04-05,maldini,-0.11752814900941186,124
2022-04-05,massara,-0.1006418177857995,8
2022-04-05,moncada,0.09708671877160668,8
2022-04-12,furlani,-0.19807910360395908,2
2022-04-12,gazidis,-0.0051820809426515,23
2022-04-12,ibrahimovic,-0.21550543121723592,138
2022-04-12,maldini,-0.04558967972675768,104
2022-04-12,massara,0.009003299325704574,25
2022-04-12,moncada,0.037255235761404035,15
2022-04-19,furlani,-0.3743813494220376,2
2022-04-19,gazidis,-0.037187257409095766,15
2022-04-19,ibrahimovic,-0.11213198809168372,251
2022-04-19,maldini,-0.09867000307089516,98
2022-04-19,massara,-0.34622350354727943,19
2022-04-19,moncada,-0.059291042387485504,1
2022-04-26,gazidis,-0.1288758045719827,17
2022-04-26,ibrahimovic,-0.037137670415661315,139
2022-04-26,maldini,-0.12070694975931236,99
2022-04-26,massara,0.10070579374829929,9
2022-04-26,moncada,0.21954098343849182,7
2022-05-03,cardinale,-0.14747081774597368,42
2022-05-03,gazidis,-0.09454684207836787,3
2022-05-03,ibrahimovic,-0.07760349627469343,227
2022-05-03,maldini,0.021385721845685372,112
2022-05-03,massara,-0.19522978831082582,10
2022-05-03,moncada,0.016846569254994392,4
2022-05-10,cardinale,-0.25263456013053653,35
2022-05-10,furlani,0.18098472990095615,2
2022-05-10,gazidis,0.45083306584921146,9
2022-05-10,ibrahimovic,-0.09695229212132593,120
2022-05-10,maldini,-0.0075263839358320605,65
2022-05-10,massara,-0.24839621795607464,14
2022-05-10,moncada,0.14407858671620488,4
2022-05-17,cardinale,-0.018202640311142732,86
2022-05-17,furlani,0.12181683257222176,2
2022-05-17,gazidis,0.18556099322934946,12
2022-05-17,ibrahimovic,0.10260403287268692,278
2022-05-17,maldini,0.10511100159708373,97
2022-05-17,massara,0.27616090544809896,18
2022-05-17,moncada,0.2594373884300391,9
2022-05-24,cardinale,-0.08152573435784202,73
2022-05-24,furlani,-0.5748833082616329,5
2022-05-24,gazidis,-0.06906604611625274,24
2022-05-24,ibrahimovic,0.020987839035287097,296
2022-05-24,maldini,-0.0768961663681251,337
2022-05-24,massara,-0.09488007787386982,49
2022-05-24,moncada,0.042590819764882326,12
2022-05-31,cardinale,0.036912687914033904,113
2022-05-31,furlani,0.004941906780004501,3
2022-05-31,gazidis,-0.09876158297993243,16
2022-05-31,ibrahimovic,-0.05146331021535224,69
2022-05-31,maldini,-0.0012189384790197496,217
2022-05-31,massara,0.05746219529891792,23
2022-05-31,moncada,-0.10965072945691645,8
2022-06-07,cardinale,0.0795648145632675,52
2022-06-07,furlani,-0.6775409011170268,2
2022-06-07,gazidis,0.0509067066013813,2
2022-06-07,ibrahimovic,0.04663830021396279,50
2022-06-07,maldini,-0.11260299948111609,138
2022-06-07,massara,0.0018024761229753494,17
2022-06-07,moncada,0.21774439158087427,11
2022-06-14,cardinale,-0.36414011571519445,101
2022-06-14,furlani,-0.17272323990861574,3
2022-06-14,gazidis,-0.3075488965647916,30
2022-06-14,ibrahimovic,-0.09313713717369401,49
2022-06-14,maldini,-0.2535460953319142,215
2022-06-14,massara,-0.26188863401680634,54
2022-06-14,moncada,0.36370852682739496,4
2022-06-21,cardinale,-0.47579890431983296,76
2022-06-21,gazidis,-0.2221495551415361,13
2022-06-21,ibrahimovic,-0.21882448298039667,57
2022-06-21,maldini,-0.22539484636244936,161
2022-06-21,massara,-0.24092318369498986,44
2022-06-21,moncada,-0.43428362160921097,3
2022-06-28,cardinale,-0.5530277178622782,32
2022-06-28,furlani,-0.47953131794929504,1
2022-06-28,gazidis,-0.11345571230742194,21
2022-06-28,ibrahimovic,-0.009723400231450796,8
2022-06-28,maldini,-0.341498266500147,85
2022-06-28,massara,-0.330740421671759,22
2022-06-28,moncada,-0.29661648301407695,4
2022-07-26,ibrahimovic,-0.0530538132195087,17
2022-07-26,maldini,0.15667121453831592,6
2022-07-26,massara,0.37356043327599764,2
2022-07-26,moncada,0.8402136568911374,2
2022-08-02,cardinale,-0.23405404966324567,10
2022-08-02,gazidis,-0.12508392706513405,8
2022-08-02,ibrahimovic,-0.1424604939855635,50
2022-08-02,maldini,-0.1335233329885429,155
2022-08-02,massara,-0.2751884484663606,15
2022-08-02,moncada,0.8291134526953101,2
2022-08-09,cardinale,0.07529021898905436,15
2022-08-09,gazidis,-0.005183134227991104,4
2022-08-09,ibrahimovic,-0.12233784109090282,113
2022-08-09,maldini,-0.046235745125159156,128
2022-08-09,massara,0.062456361716613173,8
2022-08-09,moncada,-0.5132180396467447,2
2022-08-16,cardinale,-0.2162353979423642,30
2022-08-16,ibrahimovic,0.004680580415186428,42
2022-08-16,maldini,-0.15665251872949787,77
2022-08-16,massara,-0.5416957113581399,6
2022-08-16,moncada,-0.033293716609478,2
2022-08-23,cardinale,0.13578989759844262,64
2022-08-23,furlani,0.44839433456460637,3
2022-08-23,gazidis,0.014091862749089213,34
2022-08-23,ibrahimovic,-0.08722778045813795,54
2022-08-23,maldini,-0.16417324278646936,130
2022-08-23,massara,-0.32368962911682,18
2022-08-23,moncada,-0.022099189460277557,12
2022-08-30,cardinale,0.13919283994365222,86
2022-08-30,furlani,0.04129096952965483,16
2022-08-30,gazidis,0.07393930552320348,18
2022-08-30,ibrahimovic,-0.07988792351417003,62
2022-08-30,maldini,-0.10733101314436348,126
2022-08-30,massara,0.20647118125970548,13
2022-08-30,moncada,0.19819082412868738,4
2022-09-06,cardinale,-0.09854898958777387,12
2022-09-06,ibrahimovic,-0.1444312789826654,80
2022-09-06,maldini,-0.18327594485932164,70
2022-09-06,massara,-0.15858053167661032,3
2022-09-06,moncada,-0.20440026124318442,3
2022-09-13,cardinale,-0.3188989084834854,24
2022-09-13,furlani,-0.07396413804963231,4
2022-09-13,gazidis,-0.11557438286642234,3
2022-09-13,ibrahimovic,-0.11718523502349854,56
2022-09-13,maldini,-0.07837769389152527,58
2022-09-13,massara,-0.010382162779569626,5
2022-09-13,moncada,-0.4679676126688719,2
2022-09-20,cardinale,0.08714527785778045,5
2022-09-20,furlani,-0.5286591202020645,1
2022-09-20,gazidis,0.038893114775419235,2
2022-09-20,ibrahimovic,-0.09137548620884235,39
2022-09-20,maldini,0.11633923944206007,31
2022-09-20,massara,0.07981112822890282,5
2022-09-27,cardinale,-0.24762538596987724,5
2022-09-27,gazidis,-0.4004234164021909,4
2022-09-27,ibrahimovic,-0.03883384734811917,71
2022-09-27,maldini,-0.15468914288794622,48
2022-09-27,massara,-0.03445282392203808,2
2022-09-27,moncada,0.08834609389305115,1
2022-10-04,cardinale,0.24713300711785754,12
2022-10-04,gazidis,0.13309119641780853,1
2022-10-04,ibrahimovic,-0.070106132294644,77
2022-10-04,maldini,-0.15321993513873988,62
2022-10-04,massara,-0.15503337979316711,1
2022-10-04,moncada,-0.15503337979316711,1
2022-10-11,cardinale,-0.22127139796926218,11
2022-10-11,gazidis,-0.4279434457421303,1
2022-10-11,ibrahimovic,-0.20567114300294115,56
2022-10-11,maldini,-0.012909162160940468,40
2022-10-11,massara,0.42536985147744416,5
2022-10-18,cardinale,-0.041520526063525014,18
2022-10-18,gazidis,0.3816051557660103,2
2022-10-18,ibrahimovic,0.027559362843913852,53
2022-10-18,maldini,-0.15191494948555564,43
2022-10-18,massara,-0.35863371022666496,6
2022-10-18,moncada,0.07297913730144501,3
2022-10-25,cardinale,0.2003032861587902,12
2022-10-25,gazidis,-0.5135976001620293,6
2022-10-25,ibrahimovic,-0.1347762317360415,77
2022-10-25,maldini,-0.10762992509537272,45
2022-10-25,massara,-0.7225568294525146,1
2022-11-01,cardinale,-0.12064947813217129,7
2022-11-01,ibrahimovic,-0.07106103032243018,102
2022-11-01,maldini,0.10737418336323415,99
2022-11-01,massara,-0.01773568584273259,6
2022-11-01,moncada,0.5321552144984404,3
2022-11-08,cardinale,-0.069429687038064,10
2022-11-08,furlani,0.0751230778793494,6
2022-11-08,gazidis,0.27299822696174186,18
2022-11-08,ibrahimovic,0.06160695093937896,55
2022-11-08,maldini,-0.08995919143138774,58
2022-11-08,massara,-0.2215372392286857,3
2022-11-08,moncada,0.8576056882739067,1
2022-11-15,cardinale,-0.8553443672135472,1
2022-11-15,ibrahimovic,-0.020051411525518807,54
2022-11-15,maldini,-0.05057349850955818,28
2022-11-15,massara,0.698502233872811,3
2022-11-15,moncada,0.3147139772772789,1
2022-11-22,cardinale,-0.9335272256284952,1
2022-11-22,gazidis,-0.31921231001615524,1
2022-11-22,ibrahimovic,-0.0057882703840732574,20
2022-11-22,maldini,0.10169328250257033,14
2022-11-22,massara,0.028920520097017288,1
2022-11-29,cardinale,-0.2581333296839148,8
2022-11-29,ibrahimovic,-0.0853516380547693,19
2022-11-29,maldini,-0.250087421025253,36
2022-11-29,massara,-0.8005315163172781,4
2022-12-06,cardinale,-0.15966873615980148,2
2022-12-06,ibrahimovic,-0.03316237058024853,40
2022-12-06,maldini,-0.14376031258143485,28
2022-12-06,massara,-0.0723551046103239,4
2022-12-06,moncada,-0.2577690854668617,1
2022-12-13,ibrahimovic,0.006955307746387046,23
2022-12-13,maldini,-0.07424597864827284,13
2022-12-13,massara,-0.7705603204667568,1
2022-12-20,ibrahimovic,-0.18952386785531417,16
2022-12-20,maldini,-0.3559073124300031,17
2022-12-20,massara,-0.6770030477394661,3
2022-12-20,moncada,-0.3005526525278886,3
2022-12-27,cardinale,-0.6357434022550782,6
2022-12-27,ibrahimovic,-0.1715700595329205,39
2022-12-27,maldini,-0.31547519860819717,61
2022-12-27,massara,0.07373525947332382,4
2022-12-27,moncada,0.07294578989967704,4
2023-01-03,cardinale,-0.6986194008495659,8
2023-01-03,gazidis,0.4057762622833252,1
2023-01-03,ibrahimovic,-0.14677432123571635,45
2023-01-03,maldini,-0.06530591951949256,28
2023-01-03,massara,-0.1480709495436814,9
2023-01-03,moncada,0.6495529492385685,4
2023-01-10,cardinale,-0.5436584650435381,36
2023-01-10,furlani,0.09127256460487843,2
2023-01-10,gazidis,0.005792532116174698,2
2023-01-10,ibrahimovic,-0.14700121740427088,85
2023-01-10,maldini,-0.33168355818612105,99
2023-01-10,massara,-0.3754691771697253,20
2023-01-10,moncada,-0.8496959358453751,1
2023-01-17,cardinale,-0.1593221516358023,97
2023-01-17,furlani,0.5848967060446739,1
2023-01-17,gazidis,0.061165147150556244,6
2023-01-17,ibrahimovic,-0.13786930132105393,81
2023-01-17,maldini,-0.20848896718637003,123
2023-01-17,massara,-0.2801861531566828,20
2023-01-17,moncada,0.01504858552167813,12
2023-01-24,cardinale,-0.3492161206239344,152
2023-01-24,furlani,-0.28658366283135756,7
2023-01-24,gazidis,0.3701087664812803,4
2023-01-24,ibrahimovic,-0.20905668787616358,89
2023-01-24,maldini,-0.39166912856275465,335
2023-01-24,massara,-0.3486911204747028,45
2023-01-24,moncada,-0.15797662583645433,16
2023-01-31,cardinale,-0.3447787743854396,47
2023-01-31,furlani,-0.6525959484279156,1
2023-01-31,ibrahimovic,-0.06444931666677196,138
2023-01-31,maldini,-0.3785731085711194,131
2023-01-31,massara,-0.37578902478245174,22
2023-01-31,moncada,-0.2529511582106352,4
2023-02-07,cardinale,-0.48128943763939397,28
2023-02-07,furlani,-0.34820469561964273,4
2023-02-07,gazidis,-0.05529432619611422,6
2023-02-07,ibrahimovic,-0.1304916194782941,163
2023-02-07,maldini,-0.4207256537551681,60
2023-02-07,massara,-0.5787523942999542,16
2023-02-07,moncada,-0.1041699501552752,7
2023-02-14,cardinale,-0.2521557987978061,12
2023-02-14,furlani,0.33139651268720627,1
2023-02-14,ibrahimovic,0.027537412869120106,103
2023-02-14,maldini,-0.10292962250075763,79
2023-02-14,massara,-0.12384720199874469,7
2023-02-14,moncada,0.11012183486794432,6
2023-02-21,cardinale,0.04485242689649264,6
2023-02-21,ibrahimovic,0.10586916252362485,147
2023-02-21,maldini,-0.20278572535940578,35
2023-02-21,massara,-0.17628865906347832,6
2023-02-21,moncada,-0.26696929265744984,4
2023-02-28,cardinale,0.04237078258302063,32
2023-02-28,furlani,0.24255294678732753,4
2023-02-28,gazidis,0.26483048498630524,2
2023-02-28,ibrahimovic,-0.14644890166819097,95
2023-02-28,maldini,-0.07381325671807505,52
2023-02-28,massara,0.06616701258139478,9
2023-02-28,moncada,0.16171354862550893,9
2023-03-07,cardinale,-0.197729243314825,16
2023-03-07,ibrahimovic,-0.16370508903060602,113
2023-03-07,maldini,-0.09372525756706053,67
2023-03-07,massara,-0.35899185948073864,2
2023-03-14,cardinale,-0.34099277623352553,21
2023-03-14,furlani,-0.8451206386089325,1
2023-03-14,gazidis,-0.8082277104258537,1
2023-03-14,ibrahimovic,-0.2522657949011773,204
2023-03-14,maldini,-0.35988728710166784,92
2023-03-14,massara,-0.4031920339912176,2
2023-03-14,moncada,-0.10677468776702881,2
2023-03-21,cardinale,0.11668427431335052,15
2023-03-21,furlani,0.007512595504522324,1
2023-03-21,ibrahimovic,-0.1599884852466564,62
2023-03-21,maldini,-0.1148017056658864,50
2023-03-21,massara,-0.10085920789944273,14
2023-03-21,moncada,0.018751133233308792,2
2023-03-28,cardinale,0.6459671445190907,1
2023-03-28,ibrahimovic,-0.2447578116837475,45
2023-03-28,maldini,-0.12978099200271948,68
2023-03-28,massara,0.30882958819468814,3
2023-03-28,moncada,-0.23184313904494047,2
2023-04-04,cardinale,-0.24307108608384928,6
2023-04-04,ibrahimovic,-0.16134202650145574,51
2023-04-04,maldini,-0.12925906273487367,38
2023-04-04,massara,-0.29079504251818766,11
2023-04-04,moncada,0.09552950660387675,3
2023-04-11,cardinale,0.15875527262687683,3
2023-04-11,furlani,0.035823166370391846,1
2023-04-11,ibrahimovic,-0.22612139023840427,25
2023-04-11,maldini,-0.19948516879230738,62
2023-04-11,massara,-0.05024878531694412,5
2023-04-18,cardinale,-0.24189209211617707,5
2023-04-18,ibrahimovic,-0.07555919443604661,134
2023-04-18,maldini,-0.03338434261894679,79
2023-04-18,massara,-0.20848048143088818,10
2023-04-18,moncada,0.0837774828753688,11
2023-04-25,cardinale,-0.37473665946163237,16
2023-04-25,ibrahimovic,-0.24307634976382056,60
2023-04-25,maldini,-0.029763478150760584,44
2023-04-25,massara,-0.16318489362796149,3
2023-04-25,moncada,-0.36299553140997887,2
2023-05-02,cardinale,-0.12009628896008838,11
2023-05-02,ibrahimovic,-0.2408290658927252,62
2023-05-02,maldini,-0.2332175127653913,55
2023-05-02,massara,-0.3559164294274524,8
2023-05-09,cardinale,-0.25745624704434283,63
2023-05-09,furlani,0.07772796601057053,3
2023-05-09,gazidis,-0.10438105871836686,29
2023-05-09,ibrahimovic,-0.21108014343393056,86
2023-05-09,maldini,-0.16995563486070148,211
2023-05-09,massara,-0.3665159783216522,34
2023-05-09,moncada,-0.29492545531441766,6
2023-05-16,cardinale,-0.3206433462665269,76
2023-05-16,furlani,-0.16872461279854178,4
2023-05-16,gazidis,0.1371864192187786,2
2023-05-16,ibrahimovic,-0.1717750585844947,108
2023-05-16,maldini,-0.26912157468420145,288
2023-05-16,massara,-0.1940920679143777,38
2023-05-16,moncada,-0.3042419031262398,5
2023-05-23,cardinale,-0.42256172763966565,69
2023-05-23,furlani,-0.3577503699809313,5
2023-05-23,gazidis,-0.3150162726640701,5
2023-05-23,ibrahimovic,-0.2570127946969408,65
2023-05-23,maldini,-0.26495936279053284,219
2023-05-23,massara,-0.15004927339032292,14
2023-05-23,moncada,-0.4863590929657221,5
2023-05-30,cardinale,-0.5038876633470257,240
2023-05-30,furlani,-0.08670969067081329,31
2023-05-30,gazidis,-0.28178694704547524,4
2023-05-30,ibrahimovic,0.025953754087192915,387
2023-05-30,maldini,-0.35068453550692413,632
2023-05-30,massara,-0.4113086593896151,100
2023-05-30,moncada,-0.12483722690835987,76
2023-06-06,cardinale,-0.43480212304548166,444
2023-06-06,furlani,-0.18253854257054627,120
2023-06-06,gazidis,-0.04162197390740568,22
2023-06-06,ibrahimovic,-0.16243394326317956,185
2023-06-06,maldini,-0.36965142482208846,1353
2023-06-06,massara,-0.21573440010500392,123
2023-06-06,moncada,-0.05265992827793603,279
2023-06-13,cardinale,-0.25832607086909853,69
2023-06-13,furlani,-0.05954452844238595,19
2023-06-13,gazidis,-0.06791522353887558,1
2023-06-13,ibrahimovic,-0.14999132356321326,49
2023-06-13,maldini,-0.36022768527973537,164
2023-06-13,massara,-0.3537660574970337,13
2023-06-13,moncada,-0.09337458705627605,38
2023-06-20,cardinale,-0.4359209640691711,453
2023-06-20,furlani,-0.3515871480678118,124
2023-06-20,gazidis,-0.08523070346564054,8
2023-06-20,ibrahimovic,-0.3055760567640942,198
2023-06-20,maldini,-0.4645671134687461,791
2023-06-20,massara,-0.3966046278932836,41
2023-06-20,moncada,-0.20096070372130512,159
2023-06-27,cardinale,-0.3922238955930085,71
2023-06-27,furlani,-0.20435385040652293,26
2023-06-27,ibrahimovic,-0.2046364631246904,29
2023-06-27,maldini,-0.3386014055934522,114
2023-06-27,massara,-0.4244286688044667,14
2023-06-27,moncada,-0.061386056412011385,50
2023-07-04,cardinale,-0.25453481203359035,90
2023-07-04,furlani,-0.11012103729881347,50
2023-07-04,ibrahimovic,-0.28196896033154595,45
2023-07-04,maldini,-0.3061601127356447,191
2023-07-04,massara,-0.5051929409076509,19
2023-07-04,moncada,-0.2136044346905769,47
2023-07-11,cardinale,-0.35265937408932096,41
2023-07-11,furlani,-0.24358865671564597,37
2023-07-11,ibrahimovic,-0.1840079036863664,52
2023-07-11,maldini,-0.29722597082390595,95
2023-07-11,massara,-0.0412825590797833,7
2023-07-11,moncada,-0.1252805281630052,28
2023-07-18,cardinale,-0.182454543841774,57
2023-07-18,furlani,-0.040992043314403606,95
2023-07-18,ibrahimovic,0.012274042465426821,47
2023-07-18,maldini,-0.3319664972071397,188
2023-07-18,massara,-0.5158219572443229,13
2023-07-18,moncada,0.12497159035630384,53
2023-07-25,cardinale,-0.11432784903445281,32
2023-07-25,furlani,-0.06496446059605518,77
2023-07-25,gazidis,0.01575003316005071,3
2023-07-25,ibrahimovic,-0.1352345037441223,39
2023-07-25,maldini,-0.36469317789552574,118
2023-07-25,massara,-0.29452822729945183,6
2023-07-25,moncada,-0.056014448079432164,43
2023-08-01,cardinale,-0.33220874429458663,21
2023-08-01,furlani,-0.035806685475812804,31
2023-08-01,gazidis,-0.266690157353878,1
2023-08-01,ibrahimovic,-0.1527675728118697,43
2023-08-01,maldini,-0.33676584441275376,123
2023-08-01,massara,-0.4600145840396484,15
2023-08-01,moncada,-0.0168642925009841,21
2023-08-08,cardinale,-0.23118567004656562,26
2023-08-08,furlani,-0.35832456005332264,23
2023-08-08,ibrahimovic,-0.14825151536081518,35
2023-08-08,maldini,-0.41165626453541554,134
2023-08-08,massara,-0.13559143458093917,7
2023-08-08,moncada,-0.36391342545931155,39
2023-08-15,cardinale,-0.15322021030905572,22
2023-08-15,furlani,-0.21610418967902661,25
2023-08-15,gazidis,-0.028122592717409134,9
2023-08-15,ibrahimovic,-0.2201934954514954,41
2023-08-15,maldini,-0.34165507713116183,86
2023-08-15,massara,-0.6111641149036586,8
2023-08-15,moncada,0.08674039104548485,46
2023-08-22,cardinale,-0.2002391898422502,16
2023-08-22,furlani,0.008723308381281401,19
2023-08-22,gazidis,-0.10556358844041824,3
2023-08-22,ibrahimovic,-0.13434594666415994,55
2023-08-22,maldini,-0.33912177159361645,73
2023-08-22,massara,-0.1242684229509905,16
2023-08-22,moncada,0.02482224820414558,64
2023-08-29,cardinale,-0.3169461379958583,28
2023-08-29,furlani,-0.23395440679181506,54
2023-08-29,gazidis,0.44192855805158615,1
2023-08-29,ibrahimovic,-0.02349733642972352,57
2023-08-29,maldini,-0.3537942026273386,169
2023-08-29,massara,-0.26882948020571157,19
2023-08-29,moncada,-0.06473051046706596,53
2023-09-05,cardinale,-0.3592154692548017,12
2023-09-05,furlani,-0.14538991451263428,8
2023-09-05,ibrahimovic,-0.07176091868637337,36
2023-09-05,maldini,-0.28144449035100866,99
2023-09-05,massara,0.40328533947467804,2
2023-09-05,moncada,0.3459923155605793,4
2023-09-12,cardinale,-0.22059672871201308,97
2023-09-12,furlani,-0.18896079855039716,42
2023-09-12,gazidis,-0.31838543713092804,1
2023-09-12,ibrahimovic,-0.11355061126753278,109
2023-09-12,maldini,-0.33564268246641743,203
2023-09-12,massara,-0.4038599973234038,12
2023-09-12,moncada,-0.25488917466581745,34
2023-09-19,cardinale,0.09672416672110558,15
2023-09-19,furlani,-0.10243215385292258,14
2023-09-19,ibrahimovic,-0.1207414956592109,87
2023-09-19,maldini,-0.3059697880354874,34
2023-09-19,massara,-0.7241717064753175,2
2023-09-19,moncada,-0.05336729778597752,12
2023-09-26,cardinale,-0.12822277396917342,10
2023-09-26,furlani,-0.003184952773153782,14
2023-09-26,gazidis,-0.3317102789878845,2
2023-09-26,ibrahimovic,-0.09027793219891088,58
2023-09-26,maldini,-0.12702769581228496,35
2023-09-26,massara,0.6891419552266598,2
2023-09-26,moncada,0.2773183165118098,4
2023-10-03,cardinale,0.03925356362015009,5
2023-10-03,furlani,-0.04987823924360176,12
2023-10-03,ibrahimovic,-0.08829878401593305,64
2023-10-03,maldini,-0.25349109135568143,15
2023-10-03,moncada,0.1486990086734295,5
2023-10-10,cardinale,-0.09265900695962566,14
2023-10-10,furlani,-0.19008178574343523,6
2023-10-10,ibrahimovic,-0.05279491771943867,60
2023-10-10,maldini,-0.18759561201338382,34
2023-10-10,massara,-0.3038322478532791,2
2023-10-10,moncada,0.019273564115994506,9
2023-10-17,cardinale,0.09068145633985598,6
2023-10-17,furlani,0.2592261162852602,14
2023-10-17,ibrahimovic,-0.16504819206251153,29
2023-10-17,maldini,-0.2286257033009787,37
2023-10-17,massara,-0.13188106659799814,4
2023-10-17,moncada,0.2508313309114713,13
2023-10-24,cardinale,-0.39781569234597,26
2023-10-24,furlani,-0.2872685764944463,33
2023-10-24,ibrahimovic,-0.24841008665707875,106
2023-10-24,maldini,-0.36935183084062717,101
2023-10-24,massara,-0.6131385599396059,7
2023-10-24,moncada,-0.2752026446054087,17
2023-10-31,cardinale,-0.22335147852021636,33
2023-10-31,furlani,-0.40796244092285633,25
2023-10-31,gazidis,-0.9013913478702307,1
2023-10-31,ibrahimovic,-0.13780739368513006,203
2023-10-31,maldini,-0.41304300676614464,143
2023-10-31,massara,-0.48282172427409226,9
2023-10-31,moncada,-0.28301376370447023,21
2023-11-07,cardinale,-0.29183603837055727,47
2023-11-07,furlani,-0.19835743771562742,43
2023-11-07,ibrahimovic,-0.08760784773060876,137
2023-11-07,maldini,-0.31908190493236915,107
2023-11-07,massara,-0.7202941051994761,3
2023-11-07,moncada,-0.21549420412629844,25
2023-11-14,cardinale,0.6776000000536442,1
2023-11-14,furlani,-0.08404532936401665,8
2023-11-14,ibrahimovic,-0.30108836114717025,24
2023-11-14,maldini,-0.2940887874556762,33
2023-11-14,massara,-0.07401762219766776,6
2023-11-14,moncada,-0.02080305276767296,17
2023-11-21,cardinale,-0.39793243433038394,15
2023-11-21,furlani,-0.20111485790799966,11
2023-11-21,ibrahimovic,-0.17496763870996587,17
2023-11-21,maldini,-0.30612556176492944,16
2023-11-21,moncada,0.1730848103761673,3
2023-11-28,cardinale,-0.3739087635975169,115
2023-11-28,furlani,-0.4306959086131278,139
2023-11-28,gazidis,-0.2334091704338789,10
2023-11-28,ibrahimovic,-0.2652039248120002,99
2023-11-28,maldini,-0.38813956728794397,354
2023-11-28,massara,-0.22155644075246528,32
2023-11-28,moncada,-0.34545980528767767,29
2023-12-05,cardinale,0.1336054869955688,33
2023-12-05,furlani,-0.3327598571229507,17
2023-12-05,ibrahimovic,-0.11137787698477995,61
2023-12-05,maldini,-0.435720675252378,45
2023-12-05,massara,0.09791725128889084,3
2023-12-05,moncada,-0.3196319554001093,5
2023-12-12,cardinale,-0.0023313210112974048,16
2023-12-12,furlani,-0.28155574064701794,25
2023-12-12,gazidis,-0.5978871793486178,2
2023-12-12,ibrahimovic,-0.09323721832488893,61
2023-12-12,maldini,-0.24864792848626774,30
2023-12-12,massara,-0.38587623573839663,5
2023-12-12,moncada,-0.05113882292062044,15
2023-12-19,cardinale,-0.3061215091569751,51
2023-12-19,furlani,-0.2848105848796906,31
2023-12-19,gazidis,-0.33557895198464394,3
2023-12-19,ibrahimovic,-0.1635798673012427,70
2023-12-19,maldini,-0.34119348869418464,151
2023-12-19,massara,-0.47652362162868184,12
2023-12-19,moncada,-0.36555687555422384,15
2023-12-26,cardinale,-0.20939862495288253,14
2023-12-26,furlani,-0.3520818590703938,9
2023-12-26,gazidis,-0.9348795479163527,1
2023-12-26,ibrahimovic,0.08844650422947274,9
2023-12-26,maldini,-0.49930946118283,22
2023-12-26,moncada,-0.1513720161926288,13
2024-01-02,cardinale,-0.7311565947408477,3
2024-01-02,furlani,-0.09563257992267608,5
2024-01-02,ibrahimovic,0.11316164129159667,55
2024-01-02,maldini,-0.35515888868586015,38
2024-01-02,massara,0.7526535764336586,1
2024-01-02,moncada,0.008913143937076842,21
2024-01-09,cardinale,-0.11457627755589783,16
2024-01-09,furlani,-0.3096136479638517,20
2024-01-09,ibrahimovic,0.13483372400514781,44
2024-01-09,maldini,-0.2386863669846207,60
2024-01-09,massara,-0.007320922799408436,6
2024-01-09,moncada,-0.23054030564214503,7
2024-01-16,cardinale,-0.31292221618249366,46
2024-01-16,furlani,-0.3145314929197016,23
2024-01-16,ibrahimovic,-0.2104454195328258,37
2024-01-16,maldini,-0.2112479517236352,60
2024-01-16,massara,0.028217326477169992,5
2024-01-16,moncada,-0.02397990276416143,15
2024-01-23,cardinale,-0.40848104540130187,29
2024-01-23,furlani,-0.23153331981633196,22
2024-01-23,gazidis,-0.059153174981474876,2
2024-01-23,ibrahimovic,-0.11037179367849603,64
2024-01-23,maldini,-0.20112946253269912,50
2024-01-23,massara,-0.8013736382126808,1
2024-01-23,moncada,-0.20757939022344848,12
2024-01-30,cardinale,-0.24113726285286247,100
2024-01-30,furlani,-0.32335828571304887,71
2024-01-30,gazidis,-0.3460284052416682,11
2024-01-30,ibrahimovic,-0.18927710289817032,82
2024-01-30,maldini,-0.354828564950483,188
2024-01-30,massara,-0.3492165236350368,17
2024-01-30,moncada,-0.16144714216866038,34
2024-02-06,cardinale,-0.3207625491202049,87
2024-02-06,furlani,-0.05753268975764513,25
2024-02-06,gazidis,-0.8615484777837992,1
2024-02-06,ibrahimovic,-0.054091059862701005,43
2024-02-06,maldini,-0.2998558010905981,105
2024-02-06,massara,-0.16985576320439577,8
2024-02-06,moncada,-0.48965854003009474,11
2024-02-13,cardinale,-0.2272529695959141,72
2024-02-13,furlani,-0.05685473425546661,16
2024-02-13,gazidis,0.37924562953412533,2
2024-02-13,ibrahimovic,-0.038409806390451946,82
2024-02-13,maldini,-0.27709605956736666,104
2024-02-13,massara,-0.3103159023448825,7
2024-02-13,moncada,0.044934710631003745,13
2024-02-20,cardinale,-0.39637424795489223,70
2024-02-20,furlani,-0.32749851177568023,23
2024-02-20,gazidis,-0.45896942181778805,7
2024-02-20,ibrahimovic,-0.2450578218358087,58
2024-02-20,maldini,-0.34557966533161344,63
2024-02-20,massara,0.5968554019927979,2
2024-02-20,moncada,0.15343666896224023,5
2024-02-27,cardinale,-0.03460295405238867,50
2024-02-27,furlani,-0.09383507204157385,22
2024-02-27,gazidis,-0.4162493199110031,1
2024-02-27,ibrahimovic,-0.03414761499855025,116
2024-02-27,maldini,-0.29116862918135156,89
2024-02-27,massara,0.10953972227871418,10
2024-02-27,moncada,-0.05685317118398168,11
2024-03-05,cardinale,-0.26993178292600944,44
2024-03-05,furlani,-0.06097552506253123,8
2024-03-05,gazidis,-0.41644977033138275,1
2024-03-05,ibrahimovic,-0.04745707543747079,62
2024-03-05,maldini,-0.20761794910619133,57
2024-03-05,massara,-0.7117333626374602,2
2024-03-05,moncada,-0.12070071212947368,10
2024-03-12,cardinale,-0.3865657690318024,94
2024-03-12,furlani,-0.3609712358253698,30
2024-03-12,gazidis,-0.4545784702524543,10
2024-03-12,ibrahimovic,0.10969485623880904,47
2024-03-12,maldini,-0.16147560961895957,53
2024-03-12,moncada,0.12556602247059345,4
2024-03-19,cardinale,0.008386561026175817,6
2024-03-19,furlani,-0.28357579310735065,3
2024-03-19,ibrahimovic,0.2752332223079553,41
2024-03-19,maldini,0.1103338031967481,75
2024-03-19,massara,-0.8174277693033218,1
2024-03-19,moncada,0.4884628105908632,5
2024-03-26,cardinale,-0.3922576335025951,24
2024-03-26,furlani,-0.19605653019001087,27
2024-03-26,gazidis,0.12662001699209213,2
2024-03-26,ibrahimovic,-0.11575938639340594,68
2024-03-26,maldini,-0.23097623209099447,63
2024-03-26,massara,-0.5112488571554422,5
2024-03-26,moncada,0.11239059952398141,21
2024-04-02,cardinale,-0.20500836867306912,28
2024-04-02,furlani,-0.33458029497962666,34
2024-04-02,gazidis,-0.7595086690659324,6
2024-04-02,ibrahimovic,-0.061086774027595915,36
2024-04-02,maldini,-0.30358674489509535,34
2024-04-02,moncada,0.06268437094986438,25
2024-04-09,cardinale,-0.19994503459227936,56
2024-04-09,furlani,-0.1507005992655953,42
2024-04-09,gazidis,-0.4650819266680628,4
2024-04-09,ibrahimovic,-0.13961587476337123,72
2024-04-09,maldini,-0.4464859968622125,62
2024-04-09,massara,-0.45285687744617464,10
2024-04-09,moncada,-0.09835739904905066,17
2024-04-16,cardinale,-0.23333960133898365,111
2024-04-16,furlani,-0.34608589972236325,70
2024-04-16,gazidis,-0.5325868162326515,4
2024-04-16,ibrahimovic,-0.18574565855993164,126
2024-04-16,maldini,-0.37288588104418,249
2024-04-16,massara,-0.2547673985827714,16
2024-04-16,moncada,-0.10024630123128493,24
2024-04-23,cardinale,-0.19841301613076426,136
2024-04-23,furlani,-0.3056309788783149,82
2024-04-23,gazidis,-0.31223055596152943,3
2024-04-23,ibrahimovic,-0.1257444197229417,203
2024-04-23,maldini,-0.3477191643474938,231
2024-04-23,massara,-0.26941232158181566,12
2024-04-23,moncada,-0.04854130498898118,67
2024-04-30,cardinale,-0.3022446371309581,61
2024-04-30,furlani,-0.44753350093960764,50
2024-04-30,ibrahimovic,-0.1855673919032727,105
2024-04-30,maldini,-0.37445902666995223,142
2024-04-30,massara,-0.5058187347921458,11
2024-04-30,moncada,-0.14587255434777874,26
2024-05-07,cardinale,-0.43932222420229544,62
2024-05-07,furlani,-0.2292635142803192,24
2024-05-07,gazidis,-0.13967709881918772,7
2024-05-07,ibrahimovic,-0.022420986730139703,48
2024-05-07,maldini,-0.39386685889862155,115
2024-05-07,massara,-0.2763139307498932,7
2024-05-07,moncada,0.155168936898311,21
2024-05-14,cardinale,-0.35476507917440064,142
2024-05-14,furlani,-0.21133685586530537,42
2024-05-14,gazidis,-0.3761044435489636,13
2024-05-14,ibrahimovic,-0.1855324336245437,68
2024-05-14,maldini,-0.38923452909433554,167
2024-05-14,massara,-0.26225709952414034,15
2024-05-14,moncada,-0.0800776358365136,34
2024-05-21,cardinale,-0.2885150510119274,136
2024-05-21,furlani,-0.3379709846226544,41
2024-05-21,gazidis,-0.2864450203875701,3
2024-05-21,ibrahimovic,-0.18993758790451906,145
2024-05-21,maldini,-0.3816256947652663,206
2024-05-21,massara,-0.30845465953461826,16
2024-05-21,moncada,-0.11813826628495008,40
2024-05-28,cardinale,-0.4285692035028821,68
2024-05-28,furlani,-0.32824927885845606,49
2024-05-28,gazidis,-0.3008868284523487,3
2024-05-28,ibrahimovic,-0.08390689305665475,63
2024-05-28,maldini,-0.20141086542086364,192
2024-05-28,massara,-0.1618610043795063,13
2024-05-28,moncada,-0.08153963486917994,33
2024-06-04,cardinale,-0.21687617722237784,62
2024-06-04,furlani,-0.2901157652338346,30
2024-06-04,ibrahimovic,-0.07501146029375616,61
2024-06-04,maldini,-0.40619503845283317,84
2024-06-04,massara,-0.28862101305276155,4
2024-06-04,moncada,0.10507366334398588,15
2024-06-11,cardinale,-0.21791483652938543,58
2024-06-11,furlani,-0.2877246217449775,37
2024-06-11,gazidis,-0.5756993182003498,3
2024-06-11,ibrahimovic,-0.13882924121405396,105
2024-06-11,maldini,-0.43407774344086647,30
2024-06-11,massara,0.12448809295892715,1
2024-06-11,moncada,-0.0903543456501904,21
2024-06-18,cardinale,-0.471756713775297,27
2024-06-18,furlani,-0.0368335226085037,16
2024-06-18,ibrahimovic,-0.1675752730640982,42
2024-06-18,maldini,-0.2243532515455817,43
2024-06-18,massara,-0.2853657267987728,1
2024-06-18,moncada,-0.07219011592013495,35
2024-06-25,cardinale,-0.4126795146614313,10
2024-06-25,furlani,-0.207694269483909,4
2024-06-25,gazidis,-0.583178274333477,1
2024-06-25,ibrahimovic,-0.18739988321536466,19
2024-06-25,maldini,-0.272819794553878,29
2024-06-25,moncada,0.081864747750972,7
2024-07-02,cardinale,-0.3667586933282253,76
2024-07-02,furlani,-0.4235379268084803,31
2024-07-02,gazidis,-0.6816064789891243,1
2024-07-02,ibrahimovic,-0.17876819913154063,115
2024-07-02,maldini,-0.3687496295553588,105
2024-07-02,massara,-0.1486901044845581,1
2024-07-02,moncada,-0.35991322291964617,37
2024-07-09,cardinale,-0.37886377598624676,64
2024-07-09,furlani,-0.21285975784063338,25
2024-07-09,gazidis,-0.698817066848278,1
2024-07-09,ibrahimovic,-0.1696535509514312,150
2024-07-09,maldini,-0.19434010984015562,62
2024-07-09,massara,-0.2844049831231435,3
2024-07-09,moncada,-0.03888214199493329,30
2024-07-16,cardinale,-0.13085728863497142,23
2024-07-16,furlani,-0.1682745118935903,12
2024-07-16,ibrahimovic,-0.04485301258443277,79
2024-07-16,maldini,-0.06857244506934468,49
2024-07-16,moncada,-0.21953048673458397,12
2024-07-23,cardinale,-0.24345295124997696,60
2024-07-23,furlani,-0.1522072542063666,66
2024-07-23,gazidis,-0.6056648083031178,2
2024-07-23,ibrahimovic,0.07892040324143389,33
2024-07-23,maldini,-0.2578206359725094,106
2024-07-23,massara,-0.7173042763024569,2
2024-07-23,moncada,-0.17853351618702473,38
2024-07-30,cardinale,-0.25008182905229004,29
2024-07-30,furlani,-0.2977356118364976,13
2024-07-30,gazidis,-0.6867820024490356,1
2024-07-30,ibrahimovic,-0.25361395013030796,84
2024-07-30,maldini,-0.13000428488400453,48
2024-07-30,massara,-0.2735954988747835,3
2024-07-30,moncada,-0.12634469475597143,22
2024-08-06,cardinale,-0.38200347431965415,31
2024-08-06,furlani,-0.2323741684912851,38
2024-08-06,ibrahimovic,-0.08701857642847158,84
2024-08-06,maldini,-0.2956213560802015,66
2024-08-06,massara,-0.5034300020585457,3
2024-08-06,moncada,-0.23512201750917094,35
2024-08-13,cardinale,-0.1566116317973605,70
2024-08-13,furlani,0.047716581311665084,19
2024-08-13,gazidis,0.07237109417716663,9
2024-08-13,ibrahimovic,-0.15647853884913093,111
2024-08-13,maldini,-0.24493382415983458,71
2024-08-13,massara,-0.11025272558132808,3
2024-08-13,moncada,-0.11975099171765825,22
2024-08-20,cardinale,-0.3560074144515438,69
2024-08-20,furlani,-0.3940914925187826,29
2024-08-20,gazidis,-0.5978659968823195,3
2024-08-20,ibrahimovic,-0.3203268337743414,163
2024-08-20,maldini,-0.25051436485760165,149
2024-08-20,massara,-0.1336022502509877,8
2024-08-20,moncada,-0.25322708706497343,37
2024-08-27,cardinale,-0.3683728981876012,165
2024-08-27,furlani,-0.1933641821036444,85
2024-08-27,gazidis,-0.3222797774874112,17
2024-08-27,ibrahimovic,-0.2565402322116175,140
2024-08-27,maldini,-0.32079122142083405,345
2024-08-27,massara,-0.12719592425440038,14
2024-08-27,moncada,-0.19377288317962274,74
2024-09-03,cardinale,-0.39021793103282465,81
2024-09-03,furlani,-0.38374550922719,34
2024-09-03,gazidis,0.302838775018851,3
2024-09-03,ibrahimovic,-0.1646538100698415,51
2024-09-03,maldini,-0.25202335874714393,136
2024-09-03,massara,-0.43361140694469213,2
2024-09-03,moncada,-0.3392050591870569,26
2024-09-10,cardinale,-0.3526352590706665,128
2024-09-10,furlani,-0.32296975489705804,25
2024-09-10,gazidis,-0.1764073247089982,10
2024-09-10,ibrahimovic,-0.31500175953260623,128
2024-09-10,maldini,-0.31980124662119536,155
2024-09-10,massara,-0.21587855189240404,14
2024-09-10,moncada,-0.13189044806720882,29
2024-09-17,cardinale,-0.43171684287594464,246
2024-09-17,furlani,-0.3359693900701847,94
2024-09-17,gazidis,-0.2611132141513129,12
2024-09-17,ibrahimovic,-0.37164304348361954,385
2024-09-17,maldini,-0.3287708486452905,289
2024-09-17,massara,-0.5725387050104993,7
2024-09-17,moncada,-0.4575756689737318,64
2024-09-24,cardinale,-0.3601307491944344,54
2024-09-24,furlani,-0.3790638637370788,13
2024-09-24,gazidis,-0.07731204479932785,2
2024-09-24,ibrahimovic,-0.2174433675993766,42
2024-09-24,maldini,-0.09335468453724706,63
2024-09-24,massara,-0.4886553877343734,3
2024-09-24,moncada,-0.1666691720334662,37
2024-10-01,cardinale,-0.31377251035032366,130
2024-10-01,furlani,-0.3278317186271861,21
2024-10-01,gazidis,-0.37720855697989464,2
2024-10-01,ibrahimovic,-0.07667659280099431,49
2024-10-01,maldini,-0.2455644824749066,90
2024-10-01,massara,-0.35731870168820024,4
2024-10-01,moncada,-0.25037165381142806,29
2024-10-08,cardinale,-0.4700127670506912,54
2024-10-08,furlani,-0.4506275325851596,23
2024-10-08,gazidis,-0.042072429011265434,3
2024-10-08,ibrahimovic,-0.11111581719887909,64
2024-10-08,maldini,-0.3595893124838461,119
2024-10-08,massara,-0.5257620047777891,1
2024-10-08,moncada,-0.33733870944177563,22
2024-10-15,cardinale,-0.5611469888086007,44
2024-10-15,furlani,-0.32631946820765734,6
2024-10-15,gazidis,-0.3846078962087631,1
2024-10-15,ibrahimovic,-0.2527891513115416,36
2024-10-15,maldini,-0.29359542944239103,69
2024-10-15,massara,-0.2001301184296608,5
2024-10-15,moncada,-0.35527498344890773,8
2024-10-22,cardinale,-0.4577601366117597,25
2024-10-22,furlani,-0.4211522936820984,6
2024-10-22,ibrahimovic,-0.1371061789104715,16
2024-10-22,maldini,-0.2864707207056479,52
2024-10-22,massara,-0.25602650502696633,4
2024-10-22,moncada,-0.2187597590458134,23
2024-10-29,cardinale,-0.41169979132118295,182
2024-10-29,furlani,-0.37035173001201,86
2024-10-29,gazidis,-0.45374026386575267,66
2024-10-29,ibrahimovic,-0.37339600870529044,104
2024-10-29,maldini,-0.2807011206999487,227
2024-10-29,massara,-0.4730119196465239,8
2024-10-29,moncada,-0.39732011837292125,44
2024-11-05,cardinale,-0.16433293150076944,31
2024-11-05,furlani,-0.07384189528723557,6
2024-11-05,ibrahimovic,-0.1003941150800306,49
2024-11-05,maldini,-0.26926815080897587,38
2024-11-05,massara,-0.32021097280085087,2
2024-11-05,moncada,-0.30839454000815747,10
2024-11-12,cardinale,-0.3202562023970214,22
2024-11-12,furlani,-0.6577436731507381,3
2024-11-12,ibrahimovic,-0.09461988661334747,36
2024-11-12,maldini,-0.3049204654089408,64
2024-11-12,massara,-0.4750500308349729,5
2024-11-12,moncada,0.06953871133737266,8
2024-11-19,cardinale,-0.4457241234847823,37
2024-11-19,furlani,-0.19944282869497934,12
2024-11-19,gazidis,-0.5086900112219155,2
2024-11-19,ibrahimovic,-0.22752315967033307,30
2024-11-19,maldini,-0.34199419101843465,26
2024-11-19,massara,-0.24737987977763018,9
2024-11-19,moncada,-0.11304961793638509,29
2024-11-26,cardinale,-0.4676843010261655,25
2024-11-26,furlani,-0.43781233214152354,12
2024-11-26,gazidis,-0.20100508630275726,1
2024-11-26,ibrahimovic,-0.25213112253030495,28
2024-11-26,maldini,-0.18040059571221626,97
2024-11-26,massara,-0.18000698927789927,7
2024-11-26,moncada,-0.2655746223978125,26
2024-12-03,cardinale,-0.4696973137859557,74
2024-12-03,furlani,-0.20305003163715205,15
2024-12-03,gazidis,-0.2605469524860382,2
2024-12-03,ibrahimovic,-0.32352698983057687,46
2024-12-03,maldini,-0.08477176168764179,110
2024-12-03,massara,-0.1614697240293026,4
2024-12-03,moncada,-0.32315209036802545,17
2024-12-10,cardinale,-0.4685217148735506,243
2024-12-10,furlani,-0.5010790158833923,29
2024-12-10,gazidis,-0.7068609241396189,2
2024-12-10,ibrahimovic,-0.3747237100058215,139
2024-12-10,maldini,-0.40333929451867595,174
2024-12-10,massara,-0.46526664825664327,11
2024-12-10,moncada,-0.3514744193116958,37
2024-12-17,cardinale,-0.38718108845317795,194
2024-12-17,furlani,-0.28973054645272595,48
2024-12-17,gazidis,-0.5132426890195347,16
2024-12-17,ibrahimovic,-0.37408050779615426,72
2024-12-17,maldini,-0.30471575034617565,147
2024-12-17,massara,-0.04961209850651877,7
2024-12-17,moncada,-0.34334170103401823,34
2024-12-24,cardinale,-0.42945582376442093,207
2024-12-24,furlani,-0.27467457468114925,57
2024-12-24,gazidis,-0.5323896892368793,4
2024-12-24,ibrahimovic,-0.47428262122403614,87
2024-12-24,maldini,-0.3467830522323324,138
2024-12-24,massara,-0.4986916668713093,18
2024-12-24,moncada,-0.23635254817891796,53
2024-12-31,cardinale,-0.3425886719408682,177
2024-12-31,furlani,-0.31474698701387516,46
2024-12-31,gazidis,-0.39680105342995375,8
2024-12-31,ibrahimovic,-0.20624670689635047,109
2024-12-31,maldini,-0.24031579268297978,84
2024-12-31,massara,-0.2766699749045074,8
2024-12-31,moncada,-0.24105573758482934,50
2025-01-07,cardinale,-0.41625952788573856,85
2025-01-07,furlani,-0.5338321366544926,33
2025-01-07,gazidis,-0.7123767659068108,1
2025-01-07,ibrahimovic,-0.31997813613406406,107
2025-01-07,maldini,-0.23581340067427267,55
2025-01-07,massara,-0.8042730651795864,1
2025-01-07,moncada,-0.4453364882751235,42
2025-01-14,cardinale,-0.41168380629556917,313
2025-01-14,furlani,-0.2808555069934116,89
2025-01-14,gazidis,-0.2448875189293176,16
2025-01-14,ibrahimovic,-0.19279557380825282,150
2025-01-14,maldini,-0.3477928927479845,269
2025-01-14,massara,-0.07412090722937137,16
2025-01-14,moncada,-0.28341362619273414,153
2025-01-21,cardinale,-0.36359935830290796,132
2025-01-21,furlani,-0.40053726241813375,59
2025-01-21,gazidis,-0.233129656208413,7
2025-01-21,ibrahimovic,-0.27412662495351664,123
2025-01-21,maldini,-0.25175433719996365,120
2025-01-21,massara,-0.0297982498471226,7
2025-01-21,moncada,-0.38962369583345746,74
2025-01-28,cardinale,-0.3449806954804097,262
2025-01-28,furlani,-0.2575507754938001,113
2025-01-28,gazidis,-0.3739718956251939,9
2025-01-28,ibrahimovic,-0.23526913813279512,208
2025-01-28,maldini,-0.38062428477291876,325
2025-01-28,massara,-0.4877578719622559,9
2025-01-28,moncada,-0.298590101384088,113
2025-02-04,cardinale,-0.39368524857211945,43
2025-02-04,furlani,-0.06387171699034591,31
2025-02-04,ibrahimovic,-0.25175177209176025,77
2025-02-04,maldini,-0.23555177458495433,56
2025-02-04,moncada,-0.2653730373297419,21
2025-02-11,cardinale,-0.4691369006824162,45
2025-02-11,furlani,-0.36170942382887006,8
2025-02-11,ibrahimovic,-0.2559878142550588,55
2025-02-11,maldini,-0.3544293634410276,61
2025-02-11,massara,-0.34176620841026306,1
2025-02-11,moncada,-0.5729553465110561,12
2025-02-18,cardinale,-0.3973676262998042,188
2025-02-18,furlani,-0.3037403921982081,58
2025-02-18,gazidis,0.544228620827198,2
2025-02-18,ibrahimovic,-0.323254145136083,186
2025-02-18,maldini,-0.4298816076040549,212
2025-02-18,massara,-0.01683822206475518,11
2025-02-18,moncada,-0.34300703736708354,76
2025-02-25,cardinale,-0.4257218219036219,319
2025-02-25,furlani,-0.38948779128177063,142
2025-02-25,gazidis,-0.11203498502864558,17
2025-02-25,ibrahimovic,-0.3988994444465504,179
2025-02-25,maldini,-0.3677759546422835,338
2025-02-25,massara,-0.31660755159887105,37
2025-02-25,moncada,-0.24258945513671884,96
2025-03-04,cardinale,-0.394564412235852,206
2025-03-04,furlani,-0.38516349051056836,205
2025-03-04,gazidis,-0.15624745775546348,7
2025-03-04,ibrahimovic,-0.33883636619696633,131
2025-03-04,maldini,-0.38934782993815403,204
2025-03-04,massara,-0.21723302733153105,26
2025-03-04,moncada,-0.3056650941958651,80
2025-03-11,cardinale,-0.339228044591949,71
2025-03-11,furlani,-0.39682907657697797,64
2025-03-11,gazidis,0.18710109777748585,4
2025-03-11,ibrahimovic,-0.32271170924650505,48
2025-03-11,maldini,-0.368315477396591,69
2025-03-11,massara,-0.22935192752629519,8
2025-03-11,moncada,-0.28738957818131894,40
2025-03-18,cardinale,-0.32164454529036396,73
2025-03-18,furlani,-0.2905338000986845,62
2025-03-18,gazidis,-0.26713172532618046,7
2025-03-18,ibrahimovic,-0.2643197617691123,33
2025-03-18,maldini,-0.4256633075268625,77
2025-03-18,massara,-0.35900458798278123,8
2025-03-18,moncada,-0.19217630987986922,20
2025-03-25,cardinale,-0.4364368039164312,98
2025-03-25,furlani,-0.2632197401826344,63
2025-03-25,gazidis,0.06228580325841904,2
2025-03-25,ibrahimovic,-0.1896440531381152,55
2025-03-25,maldini,-0.3373040848377126,81
2025-03-25,massara,-0.4695029825903475,10
2025-03-25,moncada,-0.04919877320173241,21
2025-04-01,cardinale,-0.35167794559771814,30
2025-04-01,furlani,-0.2584486896966529,68
2025-04-01,ibrahimovic,-0.1576792122796178,48
2025-04-01,maldini,-0.3368869274760587,99
2025-04-01,massara,-0.09386264998465776,8
2025-04-01,moncada,-0.32469148171209805,37
2025-04-08,cardinale,-0.3417608515980343,42
2025-04-08,furlani,-0.48898326741561055,63
2025-04-08,gazidis,-0.36556186247617006,3
2025-04-08,ibrahimovic,-0.3239570527803153,52
2025-04-08,maldini,-0.30200824728952,39
2025-04-08,massara,-0.6407627069080869,3
2025-04-08,moncada,-0.3313404043391347,25
2025-04-15,cardinale,-0.44995646688659663,61
2025-04-15,furlani,-0.3034946614575079,68
2025-04-15,gazidis,-0.34077592194080353,1
2025-04-15,ibrahimovic,-0.21571002232617345,58
2025-04-15,maldini,-0.4232606520395606,62
2025-04-15,massara,-0.16702693095430732,6
2025-04-15,moncada,-0.24952531214161167,29
2025-04-22,cardinale,-0.46785583440214396,15
2025-04-22,furlani,-0.23696495378553345,57
2025-04-22,ibrahimovic,-0.16714586179034832,39
2025-04-22,maldini,-0.04894339945167303,62
2025-04-22,massara,-0.2954984647221863,2
2025-04-22,moncada,-0.23970110804463426,30
2025-04-29,cardinale,-0.34963723544317943,13
2025-04-29,furlani,-0.23046716276941628,58
2025-04-29,ibrahimovic,-0.2711339527120193,15
2025-04-29,maldini,-0.2812552012875676,25
2025-04-29,massara,-0.44577410966157915,5
2025-04-29,moncada,-0.09071771490077178,24
2025-05-06,cardinale,-0.3843181399763169,83
2025-05-06,furlani,-0.4105309585501489,95
2025-05-06,gazidis,-0.3742290202747373,17
2025-05-06,ibrahimovic,-0.2679769464103239,35
2025-05-06,maldini,-0.445422977572307,100
2025-05-06,massara,-0.6203705936980745,6
2025-05-06,moncada,-0.35973317922663783,62
2025-05-13,cardinale,-0.39402270835495923,346
2025-05-13,furlani,-0.3511005693739916,249
2025-05-13,gazidis,-0.19277081278463204,15
2025-05-13,ibrahimovic,-0.3608469598352195,167
2025-05-13,maldini,-0.3772579808141184,306
2025-05-13,massara,-0.22945365230212125,41
2025-05-13,moncada,-0.16880731083386177,112
2025-05-20,cardinale,-0.44650116282973795,197
2025-05-20,furlani,-0.37022312346232844,158
2025-05-20,gazidis,-0.5633695755774776,3
2025-05-20,ibrahimovic,-0.3992356032508762,119
2025-05-20,maldini,-0.33693506483935187,244
2025-05-20,massara,-0.21247515847024165,19
2025-05-20,moncada,-0.1901342524215579,67
2025-05-27,cardinale,-0.40647271687164904,50
2025-05-27,furlani,-0.29516778462523713,109
2025-05-27,ibrahimovic,-0.19289758341619745,80
2025-05-27,maldini,-0.33788743664044885,120
2025-05-27,massara,-0.46018074525313246,9
2025-05-27,moncada,-0.2670594863235377,26
2025-06-03,cardinale,-0.3747683375057849,110
2025-06-03,furlani,-0.42724865430878606,277
2025-06-03,gazidis,-0.8366190381348133,1
2025-06-03,ibrahimovic,-0.19107243184828096,135
2025-06-03,maldini,-0.4430841393345459,176
2025-06-03,massara,-0.4151884423230182,11
2025-06-03,moncada,-0.35693984375878546,48
2025-06-10,cardinale,-0.2939112936074917,65
2025-06-10,furlani,-0.3434728118434046,89
2025-06-10,gazidis,-0.4168063409626484,10
2025-06-10,ibrahimovic,-0.19671207513087072,65
2025-06-10,maldini,-0.2711496487730643,91
2025-06-10,massara,-0.46849045995622873,8
2025-06-10,moncada,-0.12660800699144603,25
2025-06-17,cardinale,-0.4449443868982295,30
2025-06-17,furlani,-0.4337237697941336,55
2025-06-17,ibrahimovic,-0.27435304242230596,21
2025-06-17,maldini,-0.2614058740873588,64
2025-06-17,massara,-0.5831818532509109,6
2025-06-17,moncada,-0.05931035656895903,9
2025-06-24,cardinale,-0.3963046624672179,51
2025-06-24,furlani,-0.411808794391328,69
2025-06-24,gazidis,-0.35784287184763414,13
2025-06-24,ibrahimovic,-0.2599993403510828,38
2025-06-24,maldini,-0.29690780019653695,70
2025-06-24,massara,-0.3658297867514193,6
2025-06-24,moncada,-0.08093223501928151,20
2025-08-26,cardinale,-0.40947251331628015,46
2025-08-26,furlani,-0.28992362743953154,84
2025-08-26,gazidis,-0.13205797225236893,1
2025-08-26,ibrahimovic,-0.08301097030440967,24
2025-08-26,maldini,-0.37816981664907773,38
2025-08-26,massara,-0.4699422779182593,9
2025-08-26,moncada,-0.5179414707235992,12
2025-09-02,cardinale,-0.42179732914379936,47
2025-09-02,furlani,-0.44365133357274794,46
2025-09-02,gazidis,-0.7890817206352949,2
2025-09-02,ibrahimovic,-0.33280677015059873,19
2025-09-02,maldini,-0.26959426560581234,59
2025-09-02,massara,-0.5515374541282654,2
2025-09-02,moncada,-0.44840124156326056,6
2025-09-09,cardinale,-0.34627633122727275,24
2025-09-09,furlani,-0.3026138468246375,28
2025-09-09,gazidis,0.8530452810227871,1
2025-09-09,ibrahimovic,-0.03856124716072247,29
2025-09-09,maldini,0.014689193229328414,61
2025-09-09,massara,-0.28460225462913513,4
2025-09-16,cardinale,-0.2643925501033664,28
2025-09-16,furlani,-0.4906044906626145,15
2025-09-16,gazidis,-0.20478286780416965,3
2025-09-16,ibrahimovic,-0.11969876586674498,26
2025-09-16,maldini,-0.023383952100716886,21
2025-09-16,moncada,-0.9354081442579627,2
2025-09-23,cardinale,-0.4667962379132708,15
2025-09-23,furlani,-0.27956489633236614,14
2025-09-23,ibrahimovic,-0.10012423000815841,45
2025-09-23,maldini,-0.13123100295197218,40
2025-09-23,massara,0.08098822087049484,1
2025-09-23,moncada,0.16497378051280975,2
2025-09-30,cardinale,-0.26901066002364343,13
2025-09-30,furlani,-0.3682607679317395,9
2025-09-30,ibrahimovic,0.029478998517553354,58
2025-09-30,maldini,0.05353805326828451,33
2025-09-30,moncada,0.2783709615468979,1
2025-10-07,cardinale,-0.43523503983250034,13
2025-10-07,furlani,-0.27418348836627876,11
2025-10-07,ibrahimovic,0.06261241831816733,28
2025-10-07,maldini,-0.16979992348014525,38
2025-10-07,moncada,0.01493959128856659,1
2025-10-14,cardinale,-0.20405247541410582,7
2025-10-14,furlani,0.053530745622184545,9
2025-10-14,ibrahimovic,-0.3227949699697395,18
2025-10-14,maldini,-0.2575022019445896,9
2025-10-14,moncada,-0.525744321445624,3
2025-10-21,cardinale,-0.0784562036395073,10
2025-10-21,furlani,-0.18553576959917942,12
2025-10-21,gazidis,-0.035073742270469666,1
2025-10-21,ibrahimovic,0.09947116458788514,20
2025-10-21,maldini,-0.08054100628942251,15
2025-10-21,massara,-0.035073742270469666,1
2025-10-28,cardinale,-0.30190719186794013,8
2025-10-28,furlani,-0.26950323056163533,14
2025-10-28,gazidis,0.23632663115859032,3
2025-10-28,ibrahimovic,-0.12161359377205372,17
2025-10-28,maldini,0.08476439351215959,12
2025-10-28,massara,0.09764309599995613,2
2025-10-28,moncada,-0.06119809113442898,4
2025-11-04,cardinale,-0.10347206870626126,14
2025-11-04,furlani,-0.2775004803287712,22
2025-11-04,ibrahimovic,-0.14153976429253817,25
2025-11-04,maldini,-0.2740387204879274,24
2025-11-04,massara,-0.5331464679911733,3
2025-11-04,moncada,-0.29668618099143107,15
2025-11-11,cardinale,-0.05793587397783995,8
2025-11-11,furlani,-0.5248250728473067,8
2025-11-11,ibrahimovic,0.18759738557554526,29
2025-11-11,maldini,-0.22502594571560622,20
2025-11-11,moncada,-0.2732399646192789,5
2025-11-18,cardinale,-0.6580383076798171,16
2025-11-18,furlani,-0.429267190839164,40
2025-11-18,ibrahimovic,-0.2321645675565709,55
2025-11-18,maldini,-0.36172080271084,27
2025-11-18,moncada,-0.12190643077095349,6
2025-11-25,cardinale,-0.6201454661786556,11
2025-11-25,furlani,-0.4863830753476233,37
2025-11-25,ibrahimovic,-0.2605467951313282,24
2025-11-25,maldini,-0.12549815321450725,17
2025-11-25,moncada,-0.7229172270745039,2
2025-12-02,cardinale,-0.4503261189907789,20
2025-12-02,furlani,-0.4229258326408656,46
2025-12-02,ibrahimovic,0.18480596332145588,14
2025-12-02,maldini,-0.350817463795344,15
2025-12-02,moncada,-0.38121223139266175,3
2025-12-09,cardinale,-0.1537470373100248,29
2025-12-09,furlani,-0.37671241485181134,56
2025-12-09,gazidis,-0.33317939937114716,1
2025-12-09,ibrahimovic,-0.15733595807105302,20
2025-12-09,maldini,-0.21406729135196656,16
2025-12-09,moncada,-0.37017796902606886,6
2025-12-16,cardinale,-0.39738662986758544,47
2025-12-16,furlani,-0.4820451804691748,168
2025-12-16,gazidis,-0.15348511561751366,1
2025-12-16,ibrahimovic,-0.2193548956547271,55
2025-12-16,maldini,-0.33619996849447487,60
2025-12-16,massara,-0.20681558549404144,1
2025-12-16,moncada,-0.29387837720031923,13
2025-12-23,cardinale,-0.2876762919186149,32
2025-12-23,furlani,-0.324252296006307,60
2025-12-23,gazidis,-0.8461415930651128,4
2025-12-23,ibrahimovic,-0.2029955648467876,16
2025-12-23,maldini,-0.29116608133205235,39
2025-12-23,massara,-0.7919813552871346,2
2025-12-23,moncada,-0.23896876639790005,9
2025-12-30,cardinale,-0.255959642236121,16
2025-12-30,furlani,-0.30014676321297884,52
2025-12-30,gazidis,-0.24873915314674377,1
2025-12-30,ibrahimovic,-0.1802176567302509,22
2025-12-30,maldini,-0.48589375327256595,22
2025-12-30,massara,-0.8820328656584024,2
2025-12-30,moncada,-0.3420589425201927,7
2026-01-06,cardinale,-0.2745933292317204,16
2026-01-06,furlani,-0.2931790335569531,40
2026-01-06,ibrahimovic,0.019061920158565046,25
2026-01-06,maldini,-0.09525778984315082,61
2026-01-06,massara,-0.8903139233589172,1
2026-01-06,moncada,0.011479167733341455,8
2026-01-13,cardinale,-0.3131335717000401,67
2026-01-13,furlani,-0.3463611330186564,126
2026-01-13,gazidis,0.01153680682182312,1
2026-01-13,ibrahimovic,-0.0709844967695298,27
2026-01-13,maldini,-0.32667008612533005,49
2026-01-13,massara,-0.7687082812190056,1
2026-01-13,moncada,-0.30136468056589366,15
2026-01-20,cardinale,-0.15810736324638128,45
2026-01-20,furlani,-0.18427035028991454,102
2026-01-20,gazidis,-0.35150775747994584,18
2026-01-20,ibrahimovic,-0.023640155498134464,38
2026-01-20,maldini,-0.3023290623430953,99
2026-01-20,massara,-0.39873761194758117,8
2026-01-20,moncada,-0.11357240118086338,10
2026-01-27,cardinale,0.04047129926038906,48
2026-01-27,furlani,-0.2894699506299651,138
2026-01-27,gazidis,0.13354440033435822,1
2026-01-27,ibrahimovic,-0.08030434074596716,26
2026-01-27,maldini,-0.32728144752659966,21
2026-01-27,massara,-0.38842715074618656,3
2026-01-27,moncada,-0.5443572484655306,8
2026-02-03,cardinale,-0.3263221062719822,25
2026-02-03,furlani,-0.2731768594486481,59
2026-02-03,ibrahimovic,0.1318607224151492,20
2026-02-03,maldini,-0.1592651258947121,27
2026-02-03,massara,0.12676233053207397,1
2026-02-03,moncada,-0.07292002439498901,1
2026-02-10,cardinale,-0.22370336359987655,18
2026-02-10,furlani,-0.3028273640111798,21
2026-02-10,ibrahimovic,-0.1329559660093351,11
2026-02-10,maldini,-0.2741895706938772,29
2026-02-10,massara,0.706482470035553,1
2026-02-10,moncada,0.5813852995634079,1
2026-02-17,cardinale,-0.018739469518715687,11
2026-02-17,furlani,-0.004421571269631386,16
2026-02-17,ibrahimovic,-0.10123773219270839,18
2026-02-17,maldini,-0.22243949095718563,24
2026-02-24,cardinale,-0.25846326020028854,9
2026-02-24,furlani,-0.03434391345151446,11
2026-02-24,ibrahimovic,0.06787479287456899,42
2026-02-24,maldini,-0.17478244185734254,13
2026-02-24,moncada,-0.21523452480323613,4
2026-03-03,cardinale,-0.1822077435751756,15
2026-03-03,furlani,-0.029517427459359168,10
2026-03-03,ibrahimovic,-0.052836147136986256,9
2026-03-03,maldini,0.12701795830462986,26
2026-03-03,massara,0.5494550615549088,1
2026-03-03,moncada,0.17725017666816711,1
2026-03-10,cardinale,-0.144440859866639,6
2026-03-10,furlani,-0.24716128422213451,28
2026-03-10,ibrahimovic,-0.22496117954142392,36
2026-03-10,maldini,-0.29313076138939886,42
2026-03-10,moncada,-0.4284490942955017,1
2026-03-17,cardinale,-0.14049582788720727,20
2026-03-17,furlani,-0.09020906924787495,18
2026-03-17,ibrahimovic,-0.3196367588402195,11
2026-03-17,maldini,-0.34729471574537457,20
2026-03-17,moncada,0.5323872566223145,1
2026-03-24,cardinale,-0.5011919618451169,7
2026-03-24,furlani,-0.5552221391269047,23
2026-03-24,ibrahimovic,-0.25334461010061204,8
2026-03-24,maldini,-0.3078570974059403,20
2026-03-24,massara,-0.8281531482934952,1
2026-03-31,cardinale,-0.5868483709171415,5
2026-03-31,furlani,-0.21291283854161916,23
2026-03-31,ibrahimovic,-0.11694087909863275,17
2026-03-31,maldini,-0.24650210034675324,39
2026-03-31,moncada,-0.6366265416145325,1
2026-04-07,cardinale,-0.41964959283854736,47
2026-04-07,furlani,-0.3702121390239664,71
2026-04-07,ibrahimovic,-0.23649406124604866,32
2026-04-07,maldini,-0.20824709939035146,76
2026-04-07,massara,0.0788309071213007,2
2026-04-07,moncada,-0.2792594149442656,7
2026-04-14,cardinale,-0.39021628481251275,22
2026-04-14,furlani,-0.3975645697468685,54
2026-04-14,ibrahimovic,-0.04065802176482976,20
2026-04-14,maldini,-0.2919453678349423,43
2026-04-14,massara,0.09202699363231659,1
2026-04-14,moncada,-0.6661251996244703,7
2026-04-21,cardinale,-0.2613463909551501,25
2026-04-21,furlani,-0.3371204463765025,49
2026-04-21,ibrahimovic,-0.20759824920623077,21
2026-04-21,maldini,-0.0872340057666103,30
2026-04-21,moncada,-0.33946532354905057,13
2026-04-28,cardinale,-0.5188481164262143,67
2026-04-28,furlani,-0.3525159069884223,97
2026-04-28,gazidis,-0.3463743596027295,3
2026-04-28,ibrahimovic,-0.2438099605395742,23
2026-04-28,maldini,-0.3767893965899323,72
2026-04-28,massara,-0.3352051454463175,7
2026-04-28,moncada,-0.4257366879887524,21
2026-05-05,cardinale,-0.39950870183231524,215
2026-05-05,furlani,-0.42070764863993076,374
2026-05-05,gazidis,-0.17098704273147242,7
2026-05-05,ibrahimovic,-0.20069461462992258,69
2026-05-05,maldini,-0.4034716122751606,203
2026-05-05,massara,-0.15012834314256907,8
2026-05-05,moncada,-0.33732056320314446,31
2026-05-12,cardinale,-0.36093780206740683,191
2026-05-12,furlani,-0.3948366463768716,357
2026-05-12,gazidis,-0.4623287785798311,8
2026-05-12,ibrahimovic,-0.4089950667586751,260
2026-05-12,maldini,-0.33850035665834205,141
2026-05-12,massara,-0.4030571701005101,6
2026-05-12,moncada,-0.4301944571371014,37
2026-05-19,cardinale,-0.33586931253987307,338
2026-05-19,furlani,-0.4129784466651006,390
2026-05-19,gazidis,-0.2981382809006251,13
2026-05-19,ibrahimovic,-0.4150239411269,477
2026-05-19,maldini,-0.35241787480485626,347
2026-05-19,massara,-0.22122900125881037,15
2026-05-19,moncada,-0.39833697478752583,96
2026-05-26,cardinale,-0.34499558057888585,295
2026-05-26,furlani,-0.3816473078631768,198
2026-05-26,gazidis,-0.3782138897325186,17
2026-05-26,ibrahimovic,-0.35487455628269043,480
2026-05-26,maldini,-0.34571358784265127,194
2026-05-26,massara,0.009947821187476317,6
2026-05-26,moncada,-0.3192865513768551,37
2021-08-24,__all__,-0.05565731747842887,68
2021-08-31,__all__,-0.1661311395120682,388
2021-09-07,__all__,0.0092228855808369,288
2021-09-14,__all__,-0.10798222584381312,423
2021-09-21,__all__,0.02497887328146218,339
2021-09-28,__all__,-0.08552616872567667,221
2021-10-05,__all__,-0.04575646790068837,201
2021-10-12,__all__,-0.1585207859064791,352
2021-10-19,__all__,-0.23906913726912585,483
2021-10-26,__all__,-0.12802227574567765,351
2021-11-02,__all__,-0.16798002743893417,363
2021-11-09,__all__,-0.037698556930108956,132
2021-11-16,__all__,-0.18580698436385845,251
2021-11-23,__all__,-0.17752168006522373,360
2021-11-30,__all__,-0.06556948672274616,301
2021-12-07,__all__,-0.16700793004821282,444
2021-12-14,__all__,-0.2923902694521279,290
2021-12-21,__all__,-0.21910016976932928,123
2021-12-28,__all__,0.12918791447862468,58
2022-01-04,__all__,-0.10143772960185243,313
2022-01-11,__all__,-0.23285567786248085,289
2022-01-18,__all__,-0.18338502590171296,267
2022-01-25,__all__,-0.2393908341358117,424
2022-02-01,__all__,-0.12464257135250412,182
2022-02-08,__all__,0.003325971132964668,193
2022-02-15,__all__,-0.10059233330480175,167
2022-02-22,__all__,-0.2579157217566309,145
2022-03-01,__all__,-0.07089799503681429,171
2022-03-08,__all__,-0.016447894490918533,177
2022-03-15,__all__,-0.035500990664586424,300
2022-03-22,__all__,-0.037547270166324385,141
2022-03-29,__all__,-0.04175900092440439,162
2022-04-05,__all__,-0.17700576116052916,268
2022-04-12,__all__,-0.11144140471950027,307
2022-04-19,__all__,-0.11854636912364416,386
2022-04-26,__all__,-0.062213556693241384,271
2022-05-03,__all__,-0.05925406855601237,398
2022-05-10,__all__,-0.07810227014872444,249
2022-05-17,__all__,0.09348697132390156,502
2022-05-24,__all__,-0.04311937430461672,796
2022-05-31,__all__,-0.0017044081773716782,449
2022-06-07,__all__,-0.029034435838077438,272
2022-06-14,__all__,-0.2593992777442429,456
2022-06-21,__all__,-0.2816771121095803,354
2022-06-28,__all__,-0.3359935451514287,173
2022-07-26,__all__,0.0913207645493525,27
2022-08-02,__all__,-0.14012480436358601,240
2022-08-09,__all__,-0.07096487354418193,270
2022-08-16,__all__,-0.13802218601510974,157
2022-08-23,__all__,-0.06866528736870914,315
2022-08-30,__all__,-0.003192993889634426,325
2022-09-06,__all__,-0.1586627899558239,168
2022-09-13,__all__,-0.13415972993856198,152
2022-09-20,__all__,0.005141946992062661,83
2022-09-27,__all__,-0.09925696312784012,131
2022-10-04,__all__,-0.07863108859119283,154
2022-10-11,__all__,-0.11300026602317802,113
2022-10-18,__all__,-0.05590976483374834,125
2022-10-25,__all__,-0.11788382602472466,141
2022-11-01,__all__,0.018559097887493225,217
2022-11-08,__all__,0.020093727492980214,151
2022-11-15,__all__,-0.010850090447856092,87
2022-11-22,__all__,0.002273554913699627,37
2022-11-29,__all__,-0.2371943430252262,67
2022-12-06,__all__,-0.08291080735623836,75
2022-12-13,__all__,-0.04258880985749734,37
2022-12-20,__all__,-0.30808905891787547,39
2022-12-27,__all__,-0.2558154004642315,114
2023-01-03,__all__,-0.1300106936379483,95
2023-01-10,__all__,-0.29823848884552717,245
2023-01-17,__all__,-0.16687369861037415,340
2023-01-24,__all__,-0.3420377015941029,648
2023-01-31,__all__,-0.24671558147356046,343
2023-02-07,__all__,-0.2524774301187201,284
2023-02-14,__all__,-0.03940268812360815,208
2023-02-21,__all__,0.03337763605940372,198
2023-02-28,__all__,-0.06327227663634152,203
2023-03-07,__all__,-0.1447470653002536,198
2023-03-14,__all__,-0.2922785841072722,323
2023-03-21,__all__,-0.10608417571185985,144
2023-03-28,__all__,-0.15739865000790157,119
2023-04-04,__all__,-0.1606501944944126,109
2023-04-11,__all__,-0.18500281420225897,96
2023-04-18,__all__,-0.06332639365936298,239
2023-04-25,__all__,-0.18484405055642128,125
2023-05-02,__all__,-0.23475555809872115,136
2023-05-09,__all__,-0.20198666123690567,432
2023-05-16,__all__,-0.24899203044446383,521
2023-05-23,__all__,-0.29263091575676153,382
2023-05-30,__all__,-0.26323483414618537,1470
2023-06-06,__all__,-0.3116740141160158,2526
2023-06-13,__all__,-0.26514976898013026,353
2023-06-20,__all__,-0.40470182431784063,1774
2023-06-27,__all__,-0.28522177154541406,304
2023-07-04,__all__,-0.2697227239889004,442
2023-07-11,__all__,-0.2502827906085608,260
2023-07-18,__all__,-0.16823215396955576,453
2023-07-25,__all__,-0.192129672340955,318
2023-08-01,__all__,-0.2494064879768035,255
2023-08-08,__all__,-0.339942418268148,264
2023-08-15,__all__,-0.2039496944352733,237
2023-08-22,__all__,-0.1459323667421392,246
2023-08-29,__all__,-0.23814999178941715,381
2023-09-05,__all__,-0.20950038896538087,161
2023-09-12,__all__,-0.2483487042905127,498
2023-09-19,__all__,-0.14011842411624767,164
2023-09-26,__all__,-0.07347815904766321,125
2023-10-03,__all__,-0.09022044115653723,101
2023-10-10,__all__,-0.09934292081743479,125
2023-10-17,__all__,-0.06154379796562264,103
2023-10-24,__all__,-0.31872237932322356,290
2023-10-31,__all__,-0.2662064059862289,435
2023-11-07,__all__,-0.20977331494696397,362
2023-11-14,__all__,-0.19914124627712737,89
2023-11-21,__all__,-0.2505557155987668,62
2023-11-28,__all__,-0.36756435301930557,778
2023-12-05,__all__,-0.17654771588901738,164
2023-12-12,__all__,-0.15659312146727916,154
2023-12-19,__all__,-0.2991606788318213,333
2023-12-26,__all__,-0.2822326889316387,68
2024-01-02,__all__,-0.0732028502743782,123
2024-01-09,__all__,-0.11811568130270328,153
2024-01-16,__all__,-0.22746567643417787,186
2024-01-23,__all__,-0.20816991080840427,180
2024-01-30,__all__,-0.2873416568835823,503
2024-02-06,__all__,-0.25272168653484967,280
2024-02-13,__all__,-0.16915220505797077,296
2024-02-20,__all__,-0.31805012067534816,228
2024-02-27,__all__,-0.11242771774131717,299
2024-03-05,__all__,-0.16406678283870543,184
2024-03-12,__all__,-0.2294638195082921,238
2024-03-19,__all__,0.1556036307241853,131
2024-03-26,__all__,-0.1765412003688869,210
2024-04-02,__all__,-0.20016552321612835,163
2024-04-09,__all__,-0.24076727817380383,263
2024-04-16,__all__,-0.291652971599251,600
2024-04-23,__all__,-0.22522760434735983,734
2024-04-30,__all__,-0.3109570844169659,395
2024-05-07,__all__,-0.2773400982809056,284
2024-05-14,__all__,-0.3085592825608541,481
2024-05-21,__all__,-0.28921778695070816,587
2024-05-28,__all__,-0.22537197724135147,421
2024-06-04,__all__,-0.23603225529222982,256
2024-06-11,__all__,-0.21327186382065216,255
2024-06-18,__all__,-0.2001471872123458,164
2024-06-25,__all__,-0.23485812982544302,70
2024-07-02,__all__,-0.31264337775668977,366
2024-07-09,__all__,-0.20831161593434527,335
2024-07-16,__all__,-0.08323894528406008,175
2024-07-23,__all__,-0.1915559665897576,307
2024-07-30,__all__,-0.21476932632736861,200
2024-08-06,__all__,-0.2226943838399208,257
2024-08-13,__all__,-0.15452314313256837,305
2024-08-20,__all__,-0.30079671913375633,458
2024-08-27,__all__,-0.2921485477282355,840
2024-09-03,__all__,-0.2886052818566158,333
2024-09-10,__all__,-0.3102498393608657,489
2024-09-17,__all__,-0.3758493941048043,1097
2024-09-24,__all__,-0.22044956480440137,214
2024-10-01,__all__,-0.2553148270398378,325
2024-10-08,__all__,-0.32769613306305106,286
2024-10-15,__all__,-0.356416193795936,169
2024-10-22,__all__,-0.2945767777365825,126
2024-10-29,__all__,-0.36338213122238094,717
2024-11-05,__all__,-0.1795091247323024,136
2024-11-12,__all__,-0.24463067855011078,138
2024-11-19,__all__,-0.2836199181411287,145
2024-11-26,__all__,-0.25444070877488323,196
2024-12-03,__all__,-0.25623524384295093,268
2024-12-10,__all__,-0.4254896214261182,635
2024-12-17,__all__,-0.3493822293453149,518
2024-12-24,__all__,-0.3852928179871053,564
2024-12-31,__all__,-0.2805488155169327,482
2025-01-07,__all__,-0.37168734667270825,324
2025-01-14,__all__,-0.32285806693777325,1006
2025-01-21,__all__,-0.31844359759769447,522
2025-01-28,__all__,-0.3211003873861172,1039
2025-02-04,__all__,-0.2502504759958308,228
2025-02-11,__all__,-0.3677010288011733,182
2025-02-18,__all__,-0.36664055435223275,733
2025-02-25,__all__,-0.375648459771331,1128
2025-03-04,__all__,-0.3669945334167815,859
2025-03-11,__all__,-0.33871110594574066,304
2025-03-18,__all__,-0.3270616400321679,280
2025-03-25,__all__,-0.3112404141405767,330
2025-04-01,__all__,-0.28210256310372517,290
2025-04-08,__all__,-0.3748302811444922,227
2025-04-15,__all__,-0.33479822715907764,285
2025-04-22,__all__,-0.1846831679435038,205
2025-04-29,__all__,-0.23869188950130982,140
2025-05-06,__all__,-0.39499475271558043,398
2025-05-13,__all__,-0.3484335469547659,1236
2025-05-20,__all__,-0.3651094260744409,807
2025-05-27,__all__,-0.30345278372988105,394
2025-06-03,__all__,-0.3771593477515538,758
2025-06-10,__all__,-0.2782306077180393,353
2025-06-17,__all__,-0.344472503279512,185
2025-06-24,__all__,-0.3286720835237523,267
2025-08-26,__all__,-0.327705012895515,214
2025-09-02,__all__,-0.3747705630752263,181
2025-09-09,__all__,-0.11762869917489842,147
2025-09-16,__all__,-0.21947846906749827,95
2025-09-23,__all__,-0.17316022909318024,117
2025-09-30,__all__,-0.0268120777041635,114
2025-10-07,__all__,-0.14679542503186635,91
2025-10-14,__all__,-0.23155767083896892,46
2025-10-21,__all__,-0.038980178961183054,59
2025-10-28,__all__,-0.10965145689745744,60
2025-11-04,__all__,-0.23027936938824584,103
2025-11-11,__all__,-0.07269260186169829,70
2025-11-18,__all__,-0.35393230576300994,144
2025-11-25,__all__,-0.3807714292063163,91
2025-12-02,__all__,-0.3293849576112567,98
2025-12-09,__all__,-0.27094220586150186,128
2025-12-16,__all__,-0.3944289823130205,345
2025-12-23,__all__,-0.31100884747955904,162
2025-12-30,__all__,-0.3177430693854074,122
2026-01-06,__all__,-0.14737292958904577,151
2026-01-13,__all__,-0.307071711119082,286
2026-01-20,__all__,-0.21060023343306966,320
2026-01-27,__all__,-0.21368020048783143,245
2026-02-03,__all__,-0.19462096999238307,133
2026-02-10,__all__,-0.22854543945257677,81
2026-02-17,__all__,-0.10779284445595914,69
2026-02-24,__all__,-0.0378015307898197,79
2026-03-03,__all__,0.008473490349828236,62
2026-03-10,__all__,-0.2533248199430187,113
2026-03-17,__all__,-0.2051884458533355,70
2026-03-24,__all__,-0.42865262559409867,59
2026-03-31,__all__,-0.23611106518656017,85
2026-04-07,__all__,-0.302980154629876,235
2026-04-14,__all__,-0.32646874617785215,147
2026-04-21,__all__,-0.24958111781734918,138
2026-04-28,__all__,-0.39317021368970645,290
2026-05-05,__all__,-0.38792345169808434,907
2026-05-12,__all__,-0.38599723876081404,1000
2026-05-19,__all__,-0.3820259108370379,1676
2026-05-26,__all__,-0.35283752068795243,1227
